festival_id,description,start_date,end_date,status
3,"Fusce lacus purus, aliquet at, feugiat non, pretium quis, lectus. Suspendisse potenti.",2025-12-07,2025-12-08,ENDED
11,"Cum sociis natoque penatibus et magnis dis parturient montes, nascetur ridiculus mus. Vivamus vestibulum sagittis sapien.",2026-08-02,2026-08-11,UPCOMING
12,Phasellus in felis. Donec semper sapien a libero.,2026-08-23,2026-08-24,UPCOMING
14,In sagittis dui vel nisl.,2026-07-05,2026-07-10,UPCOMING
17,Quisque porta volutpat erat.,2026-06-04,2026-06-09,UPCOMING
22,Nulla mollis molestie lorem. Quisque ut erat.,2026-08-02,2026-08-10,UPCOMING
23,Fusce posuere felis sed lacus.,2026-01-11,2026-01-20,ENDED
25,Maecenas rhoncus aliquam lacus. Morbi quis tortor id nulla ultrices aliquet.,2026-03-05,2026-03-07,ENDED
34,Pellentesque ultrices mattis odio.,2025-11-12,2025-11-14,ENDED
35,Maecenas pulvinar lobortis est. Phasellus sit amet erat.,2026-07-17,2026-07-21,UPCOMING
36,Maecenas rhoncus aliquam lacus. Morbi quis tortor id nulla ultrices aliquet.,2025-10-22,2025-10-23,ENDED
47,Aliquam quis turpis eget elit sodales scelerisque.,2026-07-28,2026-07-31,UPCOMING
52,"Donec ut mauris eget massa tempor convallis. Nulla neque libero, convallis eget, eleifend luctus, ultricies eu, nibh.",2026-02-14,2026-02-16,ENDED
53,Morbi quis tortor id nulla ultrices aliquet.,2025-12-01,2025-12-06,ENDED
59,Aliquam erat volutpat. In congue.,2026-01-21,2026-01-27,ENDED
62,"Integer aliquet, massa id lobortis convallis, tortor risus dapibus augue, vel accumsan tellus nisi eu orci. Mauris lacinia sapien quis libero.",2026-01-28,2026-01-28,ENDED
63,Integer ac neque. Duis bibendum.,2026-03-06,2026-03-10,ONGOING
67,"Quisque erat eros, viverra eget, congue eget, semper rutrum, nulla. Nunc purus.",2026-01-16,2026-01-20,ENDED
68,Morbi a ipsum. Integer a nibh.,2025-11-17,2025-11-23,ENDED
71,Nam tristique tortor eu pede.,2026-02-06,2026-02-15,ENDED
82,"Quisque erat eros, viverra eget, congue eget, semper rutrum, nulla.",2026-05-08,2026-05-16,UPCOMING
85,Ut tellus.,2026-07-26,2026-07-29,UPCOMING
90,"Integer aliquet, massa id lobortis convallis, tortor risus dapibus augue, vel accumsan tellus nisi eu orci.",2026-08-25,2026-08-29,UPCOMING
92,Etiam faucibus cursus urna.,2026-01-23,2026-02-02,ENDED
100,Integer a nibh.,2026-07-26,2026-07-31,UPCOMING
103,Sed vel enim sit amet nunc viverra dapibus.,2026-07-19,2026-07-27,UPCOMING
109,Curabitur convallis.,2026-06-06,2026-06-08,UPCOMING
119,Duis bibendum. Morbi non quam nec dui luctus rutrum.,2026-06-12,2026-06-22,UPCOMING
127,Proin risus. Praesent lectus.,2026-03-24,2026-03-25,UPCOMING
133,Etiam faucibus cursus urna.,2026-07-09,2026-07-18,UPCOMING
137,Praesent id massa id nisl venenatis lacinia.,2026-01-31,2026-02-08,ENDED
142,Nullam porttitor lacus at turpis.,2026-05-09,2026-05-13,UPCOMING
149,Curabitur convallis. Duis consequat dui nec nisi volutpat eleifend.,2026-05-27,2026-06-01,UPCOMING
157,Praesent id massa id nisl venenatis lacinia. Aenean sit amet justo.,2026-01-26,2026-02-01,ENDED
159,"Phasellus id sapien in sapien iaculis congue. Vivamus metus arcu, adipiscing molestie, hendrerit at, vulputate vitae, nisl.",2026-02-23,2026-03-02,ENDED
175,In sagittis dui vel nisl.,2025-10-26,2025-10-26,ENDED
183,In hac habitasse platea dictumst.,2026-04-13,2026-04-19,UPCOMING
184,Duis bibendum.,2026-05-18,2026-05-18,UPCOMING
205,Nullam sit amet turpis elementum ligula vehicula consequat. Morbi a ipsum.,2026-03-04,2026-03-09,ENDED
206,"Nulla ac enim. In tempor, turpis nec euismod scelerisque, quam turpis adipiscing lorem, vitae mattis nibh ligula nec sem.",2026-02-19,2026-03-01,ENDED
210,"Proin leo odio, porttitor id, consequat in, consequat ut, nulla. Sed accumsan felis.",2026-08-22,2026-08-24,UPCOMING
212,"Vestibulum ac est lacinia nisi venenatis tristique. Fusce congue, diam id ornare imperdiet, sapien urna pretium nisl, ut volutpat sapien arcu sed augue.",2026-03-06,2026-03-11,ONGOING
219,Pellentesque ultrices mattis odio.,2026-02-02,2026-02-12,ENDED
220,"Aliquam augue quam, sollicitudin vitae, consectetuer eget, rutrum at, lorem.",2026-02-12,2026-02-13,ENDED
222,Vivamus vel nulla eget eros elementum pellentesque. Quisque porta volutpat erat.,2026-07-23,2026-07-27,UPCOMING
242,Proin risus. Praesent lectus.,2025-10-21,2025-10-22,ENDED
245,"Nam ultrices, libero non mattis pulvinar, nulla pede ullamcorper augue, a suscipit nulla elit ac nulla.",2026-01-13,2026-01-19,ENDED
247,Mauris ullamcorper purus sit amet nulla.,2026-08-18,2026-08-20,UPCOMING
248,Maecenas ut massa quis augue luctus tincidunt.,2026-06-18,2026-06-27,UPCOMING
259,Duis mattis egestas metus.,2026-08-29,2026-08-30,UPCOMING
262,"Duis bibendum, felis sed interdum venenatis, turpis enim blandit mi, in porttitor pede justo eu massa. Donec dapibus.",2025-11-24,2025-11-27,ENDED
270,Cras in purus eu magna vulputate luctus.,2026-05-07,2026-05-14,UPCOMING
272,"Vestibulum ac est lacinia nisi venenatis tristique. Fusce congue, diam id ornare imperdiet, sapien urna pretium nisl, ut volutpat sapien arcu sed augue.",2025-10-13,2025-10-23,ENDED
273,"Maecenas tristique, est et tempus semper, est quam pharetra magna, ac consequat metus sapien ut nunc.",2026-07-29,2026-08-03,UPCOMING
276,Donec semper sapien a libero. Nam dui.,2026-04-23,2026-04-28,UPCOMING
281,"Donec odio justo, sollicitudin ut, suscipit a, feugiat et, eros. Vestibulum ac est lacinia nisi venenatis tristique.",2026-02-18,2026-02-26,ENDED
288,"Nunc nisl. Duis bibendum, felis sed interdum venenatis, turpis enim blandit mi, in porttitor pede justo eu massa.",2025-10-07,2025-10-15,ENDED
293,Maecenas tincidunt lacus at velit. Vivamus vel nulla eget eros elementum pellentesque.,2025-12-17,2025-12-19,ENDED
300,Praesent blandit.,2026-03-25,2026-03-31,UPCOMING
306,"Fusce congue, diam id ornare imperdiet, sapien urna pretium nisl, ut volutpat sapien arcu sed augue. Aliquam erat volutpat.",2026-03-11,2026-03-13,UPCOMING
311,Duis consequat dui nec nisi volutpat eleifend. Donec ut dolor.,2026-05-16,2026-05-16,UPCOMING
319,"Integer aliquet, massa id lobortis convallis, tortor risus dapibus augue, vel accumsan tellus nisi eu orci. Mauris lacinia sapien quis libero.",2025-11-11,2025-11-12,ENDED
334,Aenean sit amet justo. Morbi ut odio.,2026-06-27,2026-06-28,UPCOMING
360,In hac habitasse platea dictumst. Etiam faucibus cursus urna.,2025-12-05,2025-12-11,ENDED
362,Aliquam non mauris. Morbi non lectus.,2026-02-27,2026-03-05,ENDED
389,Ut at dolor quis odio consequat varius. Integer ac leo.,2026-07-25,2026-08-02,UPCOMING
390,"Morbi vel lectus in quam fringilla rhoncus. Mauris enim leo, rhoncus sed, vestibulum sit amet, cursus id, turpis.",2025-11-20,2025-11-23,ENDED
396,"Cras pellentesque volutpat dui. Maecenas tristique, est et tempus semper, est quam pharetra magna, ac consequat metus sapien ut nunc.",2026-02-04,2026-02-13,ENDED
399,"Vivamus metus arcu, adipiscing molestie, hendrerit at, vulputate vitae, nisl.",2026-05-08,2026-05-13,UPCOMING
406,Nulla tellus. In sagittis dui vel nisl.,2025-12-14,2025-12-24,ENDED
407,"In tempor, turpis nec euismod scelerisque, quam turpis adipiscing lorem, vitae mattis nibh ligula nec sem.",2025-10-09,2025-10-13,ENDED
410,Nam tristique tortor eu pede.,2026-08-26,2026-09-04,UPCOMING
417,Maecenas rhoncus aliquam lacus. Morbi quis tortor id nulla ultrices aliquet.,2025-10-02,2025-10-09,ENDED
419,Duis consequat dui nec nisi volutpat eleifend. Donec ut dolor.,2026-08-21,2026-08-27,UPCOMING
422,Etiam faucibus cursus urna. Ut tellus.,2026-04-16,2026-04-25,UPCOMING
427,"Vivamus vestibulum sagittis sapien. Cum sociis natoque penatibus et magnis dis parturient montes, nascetur ridiculus mus.",2026-02-14,2026-02-16,ENDED
448,Integer a nibh. In quis justo.,2026-07-20,2026-07-29,UPCOMING
473,Praesent id massa id nisl venenatis lacinia. Aenean sit amet justo.,2026-04-03,2026-04-11,UPCOMING
479,Donec dapibus.,2026-01-06,2026-01-07,ENDED
495,Mauris lacinia sapien quis libero. Nullam sit amet turpis elementum ligula vehicula consequat.,2025-10-26,2025-10-28,ENDED
496,Cras in purus eu magna vulputate luctus.,2026-06-20,2026-06-29,UPCOMING
498,Nullam varius.,2026-01-30,2026-01-31,ENDED
505,Vivamus in felis eu sapien cursus vestibulum.,2026-02-14,2026-02-14,ENDED
510,"Nulla ac enim. In tempor, turpis nec euismod scelerisque, quam turpis adipiscing lorem, vitae mattis nibh ligula nec sem.",2026-07-06,2026-07-15,UPCOMING
512,"Donec odio justo, sollicitudin ut, suscipit a, feugiat et, eros. Vestibulum ac est lacinia nisi venenatis tristique.",2026-03-08,2026-03-18,ONGOING
528,Sed vel enim sit amet nunc viverra dapibus.,2026-05-20,2026-05-27,UPCOMING
530,In quis justo.,2026-02-10,2026-02-14,ENDED
541,"Cum sociis natoque penatibus et magnis dis parturient montes, nascetur ridiculus mus.",2026-03-30,2026-04-08,UPCOMING
542,In hac habitasse platea dictumst. Maecenas ut massa quis augue luctus tincidunt.,2026-03-01,2026-03-06,ENDED
549,"Duis ac nibh. Fusce lacus purus, aliquet at, feugiat non, pretium quis, lectus.",2026-01-14,2026-01-14,ENDED
553,"Donec odio justo, sollicitudin ut, suscipit a, feugiat et, eros.",2026-07-01,2026-07-09,UPCOMING
564,"Maecenas leo odio, condimentum id, luctus nec, molestie sed, justo. Pellentesque viverra pede ac diam.",2025-10-23,2025-11-02,ENDED
577,Nulla ut erat id mauris vulputate elementum.,2026-07-06,2026-07-06,UPCOMING
585,Morbi vel lectus in quam fringilla rhoncus.,2026-02-19,2026-02-26,ENDED
618,Mauris lacinia sapien quis libero. Nullam sit amet turpis elementum ligula vehicula consequat.,2026-08-10,2026-08-17,UPCOMING
619,"Fusce posuere felis sed lacus. Morbi sem mauris, laoreet ut, rhoncus aliquet, pulvinar sed, nisl.",2025-10-04,2025-10-07,ENDED
621,Vestibulum ante ipsum primis in faucibus orci luctus et ultrices posuere cubilia Curae; Mauris viverra diam vitae quam.,2026-08-17,2026-08-22,UPCOMING
622,"Cum sociis natoque penatibus et magnis dis parturient montes, nascetur ridiculus mus.",2026-08-08,2026-08-11,UPCOMING
634,Vestibulum ac est lacinia nisi venenatis tristique.,2026-08-27,2026-08-29,UPCOMING
637,Etiam vel augue.,2025-11-03,2025-11-08,ENDED
639,Donec dapibus.,2026-07-14,2026-07-16,UPCOMING
641,Etiam justo. Etiam pretium iaculis justo.,2026-02-25,2026-03-03,ENDED
643,Ut tellus.,2026-07-06,2026-07-10,UPCOMING
651,Nulla tempus. Vivamus in felis eu sapien cursus vestibulum.,2025-10-10,2025-10-13,ENDED
656,"Vestibulum ante ipsum primis in faucibus orci luctus et ultrices posuere cubilia Curae; Donec pharetra, magna vestibulum aliquet ultrices, erat tortor sollicitudin mi, sit amet lobortis sapien sapien non mi. Integer ac neque.",2026-06-21,2026-06-28,UPCOMING
658,Etiam justo. Etiam pretium iaculis justo.,2025-12-24,2026-01-02,ENDED
666,Nulla nisl.,2026-03-18,2026-03-23,UPCOMING
672,Curabitur convallis. Duis consequat dui nec nisi volutpat eleifend.,2025-12-27,2025-12-27,ENDED
678,"Morbi quis tortor id nulla ultrices aliquet. Maecenas leo odio, condimentum id, luctus nec, molestie sed, justo.",2026-03-10,2026-03-16,ONGOING
686,Nullam sit amet turpis elementum ligula vehicula consequat. Morbi a ipsum.,2025-10-11,2025-10-15,ENDED
705,In quis justo.,2025-10-07,2025-10-15,ENDED
716,"Nam ultrices, libero non mattis pulvinar, nulla pede ullamcorper augue, a suscipit nulla elit ac nulla.",2026-07-14,2026-07-16,UPCOMING
728,Nunc rhoncus dui vel sem.,2026-07-21,2026-07-24,UPCOMING
732,Aenean auctor gravida sem. Praesent id massa id nisl venenatis lacinia.,2026-01-22,2026-02-01,ENDED
742,"Donec ut mauris eget massa tempor convallis. Nulla neque libero, convallis eget, eleifend luctus, ultricies eu, nibh.",2025-12-09,2025-12-14,ENDED
743,"Maecenas tristique, est et tempus semper, est quam pharetra magna, ac consequat metus sapien ut nunc. Vestibulum ante ipsum primis in faucibus orci luctus et ultrices posuere cubilia Curae; Mauris viverra diam vitae quam.",2026-07-05,2026-07-12,UPCOMING
744,Duis consequat dui nec nisi volutpat eleifend. Donec ut dolor.,2025-11-01,2025-11-08,ENDED
751,"Lorem ipsum dolor sit amet, consectetuer adipiscing elit. Proin risus.",2026-02-17,2026-02-18,ENDED
752,"In tempor, turpis nec euismod scelerisque, quam turpis adipiscing lorem, vitae mattis nibh ligula nec sem. Duis aliquam convallis nunc.",2026-02-23,2026-03-04,ENDED
771,Praesent id massa id nisl venenatis lacinia.,2026-08-27,2026-08-31,UPCOMING
781,Nulla tellus. In sagittis dui vel nisl.,2025-12-26,2026-01-02,ENDED
782,Vestibulum ante ipsum primis in faucibus orci luctus et ultrices posuere cubilia Curae; Mauris viverra diam vitae quam. Suspendisse potenti.,2026-01-30,2026-02-02,ENDED
797,Nulla tellus.,2026-07-11,2026-07-19,UPCOMING
803,Donec quis orci eget orci vehicula condimentum. Curabitur in libero ut massa volutpat convallis.,2025-12-24,2025-12-27,ENDED
809,Cras non velit nec nisi vulputate nonummy.,2025-10-26,2025-10-31,ENDED
842,In sagittis dui vel nisl.,2025-10-05,2025-10-12,ENDED
844,Vivamus vel nulla eget eros elementum pellentesque.,2025-11-20,2025-11-23,ENDED
849,Nullam porttitor lacus at turpis.,2026-08-13,2026-08-21,UPCOMING
855,Suspendisse ornare consequat lectus.,2026-03-24,2026-03-28,UPCOMING
861,Proin interdum mauris non ligula pellentesque ultrices.,2026-05-24,2026-05-24,UPCOMING
864,"In blandit ultrices enim. Lorem ipsum dolor sit amet, consectetuer adipiscing elit.",2026-03-28,2026-04-04,UPCOMING
873,Donec semper sapien a libero.,2026-04-05,2026-04-12,UPCOMING
881,In hac habitasse platea dictumst.,2026-04-25,2026-05-01,UPCOMING
889,Maecenas tincidunt lacus at velit.,2026-08-27,2026-08-29,UPCOMING
892,"In hac habitasse platea dictumst. Morbi vestibulum, velit id pretium iaculis, diam erat fermentum justo, nec condimentum neque sapien placerat ante.",2026-08-20,2026-08-30,UPCOMING
899,Curabitur at ipsum ac tellus semper interdum. Mauris ullamcorper purus sit amet nulla.,2026-02-21,2026-03-02,ENDED
902,Maecenas ut massa quis augue luctus tincidunt.,2026-01-20,2026-01-21,ENDED
921,"Integer aliquet, massa id lobortis convallis, tortor risus dapibus augue, vel accumsan tellus nisi eu orci. Mauris lacinia sapien quis libero.",2026-01-26,2026-02-05,ENDED
922,"Morbi vel lectus in quam fringilla rhoncus. Mauris enim leo, rhoncus sed, vestibulum sit amet, cursus id, turpis.",2026-02-04,2026-02-08,ENDED
923,Sed vel enim sit amet nunc viverra dapibus. Nulla suscipit ligula in lacus.,2026-06-15,2026-06-17,UPCOMING
924,"Morbi sem mauris, laoreet ut, rhoncus aliquet, pulvinar sed, nisl.",2026-08-04,2026-08-04,UPCOMING
930,Morbi non quam nec dui luctus rutrum. Nulla tellus.,2026-05-07,2026-05-07,UPCOMING
948,"Duis bibendum, felis sed interdum venenatis, turpis enim blandit mi, in porttitor pede justo eu massa. Donec dapibus.",2026-01-10,2026-01-11,ENDED
954,"Lorem ipsum dolor sit amet, consectetuer adipiscing elit. Proin interdum mauris non ligula pellentesque ultrices.",2025-10-02,2025-10-08,ENDED
955,Sed ante. Vivamus tortor.,2026-07-23,2026-07-29,UPCOMING
962,Phasellus in felis. Donec semper sapien a libero.,2026-03-15,2026-03-24,UPCOMING
963,"Quisque porta volutpat erat. Quisque erat eros, viverra eget, congue eget, semper rutrum, nulla.",2026-04-14,2026-04-14,UPCOMING
966,Proin interdum mauris non ligula pellentesque ultrices. Phasellus id sapien in sapien iaculis congue.,2026-08-07,2026-08-10,UPCOMING
981,Praesent lectus.,2026-06-11,2026-06-12,UPCOMING